grad,ex-tuition,ex-other,ex-rent,in-scholarship,in-tuition,in-home,debt,work,work-school,worknum,region,school
TRUE,8700,0,8000,0,FALSE,10000,FALSE,TRUE,FALSE,,north,public
FALSE,11365,6500,8000,5000,FALSE,0,FALSE,TRUE,TRUE,1,north,public
FALSE,24223,0,8000,0,TRUE,6000,FALSE,TRUE,TRUE,1,north,public
TRUE,25000,5000,8000,0,TRUE,5000,FALSE,TRUE,FALSE,,north,public
FALSE,8876,2125,5000,4000,TRUE,10000,FALSE,TRUE,TRUE,1,north,public
TRUE,13306,5000,6000,5000,FALSE,0,FALSE,TRUE,TRUE,4,south,public
TRUE,11000,3750,11000,0,FALSE,10000,FALSE,TRUE,TRUE,2,north,public
TRUE,12660,5000,12000,0,TRUE,12000,FALSE,TRUE,TRUE,1,north,public
TRUE,20330,2500,8000,10000,FALSE,6000,FALSE,TRUE,TRUE,1,south,public
TRUE,17210,3300,6000,0,FALSE,3300,TRUE,TRUE,TRUE,3,south,public
TRUE,30000,4800,10000,0,FALSE,0,FALSE,TRUE,TRUE,3,north,public
FALSE,23000,2250,5000,5000,TRUE,0,FALSE,TRUE,TRUE,1,north,public
FALSE,16000,4300,5000,3000,TRUE,7000,FALSE,TRUE,TRUE,1,north,public
FALSE,26000,3000,4000,0,FALSE,4000,TRUE,FALSE,,,north,public
FALSE,3000,8500,10000,0,TRUE,10000,FALSE,TRUE,TRUE,1,north,public
FALSE,34200,9700,7000,0,TRUE,8000,FALSE,TRUE,TRUE,1,north,public
FALSE,26000,0,5000,0,FALSE,0,FALSE,TRUE,TRUE,1,north,public
FALSE,9000,0,5000,36000,TRUE,2500,FALSE,TRUE,TRUE,1,south,private
FALSE,9000,0,5000,36000,TRUE,2500,FALSE,TRUE,TRUE,1,south,private
FALSE,26000,2500,6000,0,TRUE,0,TRUE,TRUE,TRUE,3,east,public
FALSE,24510,3310,9000,0,TRUE,10000,FALSE,TRUE,TRUE,1,north,public
TRUE,10000,2500,10000,0,TRUE,10000,FALSE,TRUE,FALSE,,north,public
FALSE,38000,3000,6000,0,TRUE,2000,TRUE,TRUE,FALSE,,south,public
FALSE,25000,4000,8000,0,TRUE,3000,TRUE,TRUE,FALSE,,north,public
FALSE,49000,0,8000,5500,TRUE,8000,FALSE,TRUE,TRUE,2,central,private
FALSE,50000,4000,9000,0,FALSE,9000,TRUE,TRUE,FALSE,,central,private
FALSE,48692,4000,7000,0,TRUE,8000,FALSE,TRUE,TRUE,1,central,private
FALSE,28000,2200,12000,0,TRUE,0,FALSE,TRUE,FALSE,,north,public
FALSE,55000,4200,7000,0,TRUE,8500,FALSE,FALSE,,,central,private
FALSE,35000,0,7000,0,FALSE,0,TRUE,TRUE,FALSE,,central,private
FALSE,26045,1500,6000,0,TRUE,6000,FALSE,TRUE,TRUE,1,east,public
TRUE,26000,7500,10000,15000,TRUE,10000,FALSE,TRUE,TRUE,1,north,public
FALSE,25000,2500,7000,0,TRUE,10000,FALSE,TRUE,TRUE,2,east,public
FALSE,28354,2375,6000,0,TRUE,5000,TRUE,TRUE,TRUE,1,east,public
FALSE,23880,5000,7000,0,TRUE,10000,FALSE,TRUE,FALSE,,central,public
TRUE,48000,3000,12000,0,TRUE,6000,FALSE,TRUE,TRUE,1,north,public
TRUE,33000,4500,22000,0,TRUE,9000,FALSE,TRUE,TRUE,1,central,public
FALSE,24510,11150,10000,0,TRUE,10000,FALSE,FALSE,,,north,public
FALSE,20000,6500,6000,0,TRUE,14500,FALSE,TRUE,TRUE,1,north,public
FALSE,48605,5500,9000,0,TRUE,9000,FALSE,FALSE,,,north,private
FALSE,23000,4000,8000,1000,TRUE,5000,FALSE,TRUE,TRUE,2,north,public
FALSE,49950,0,10000,0,TRUE,16000,FALSE,FALSE,,,north,private
FALSE,25000,8000,7000,0,TRUE,7000,FALSE,FALSE,,,north,public
FALSE,28000,4500,8000,0,TRUE,8000,FALSE,TRUE,TRUE,1,north,public
TRUE,10000,5000,8000,0,TRUE,0,FALSE,TRUE,TRUE,1,north,public
FALSE,30000,4350,8000,4000,TRUE,8000,FALSE,TRUE,TRUE,1,north,public
TRUE,35000,5500,8000,0,TRUE,10000,FALSE,TRUE,TRUE,1,south,public
FALSE,0,0,6000,5000,FALSE,1000,FALSE,TRUE,TRUE,1,north,private
FALSE,30000,4500,7000,0,TRUE,9000,FALSE,TRUE,FALSE,,north,public
FALSE,25000,5000,6000,0,TRUE,0,FALSE,TRUE,FALSE,,north,public
FALSE,38000,1300,7500,0,TRUE,8000,FALSE,TRUE,FALSE,,north,public
TRUE,16000,0,6000,0,FALSE,0,FALSE,TRUE,TRUE,1,north,public
TRUE,26300,3000,8000,0,TRUE,3000,FALSE,FALSE,,,north,public
TRUE,20400,4000,9000,3600,FALSE,0,TRUE,TRUE,TRUE,3,north,public
FALSE,23000,1400,4600,0,TRUE,6000,FALSE,TRUE,TRUE,1,north,public
TRUE,26144,4900,8500,0,TRUE,0,FALSE,TRUE,TRUE,3,north,public
TRUE,12000,3000,9000,0,TRUE,0,FALSE,TRUE,TRUE,2,north,public
TRUE,14572,4500,10000,0,FALSE,0,TRUE,TRUE,TRUE,2,north,public
FALSE,24510,2000,8000,0,FALSE,8000,TRUE,FALSE,,,north,public
FALSE,55000,6000,18000,5600,TRUE,20000,FALSE,TRUE,TRUE,1,north,private
FALSE,7000,2000,7000,0,FALSE,0,TRUE,FALSE,,,east,public
FALSE,30000,5500,10000,4400,FALSE,0,TRUE,TRUE,TRUE,1,north,private
FALSE,55000,6500,8000,0,TRUE,10000,FALSE,FALSE,,,south,private
FALSE,26000,2500,10000,0,TRUE,10000,FALSE,TRUE,TRUE,1,north,public
FALSE,30000,4500,7000,7000,TRUE,10000,FALSE,TRUE,TRUE,2,north,public
FALSE,29385,1500,6000,0,FALSE,6000,TRUE,TRUE,TRUE,1,north,public
FALSE,48415,0,3500,0,TRUE,4000,FALSE,TRUE,TRUE,1,central,private
FALSE,23000,5000,5000,0,TRUE,5000,FALSE,TRUE,TRUE,1,north,public
TRUE,18500,7500,10000,0,FALSE,0,FALSE,TRUE,TRUE,2,north,public
FALSE,29800,6700,7000,0,TRUE,9000,FALSE,TRUE,TRUE,1,north,public
FALSE,48605,7700,10000,0,TRUE,7300,FALSE,TRUE,TRUE,1,north,private
FALSE,28500,2500,3000,0,TRUE,500,FALSE,TRUE,FALSE,,south,public
FALSE,25235,1742.5,5000,0,TRUE,5000,FALSE,TRUE,TRUE,1,north,public
TRUE,7679,0,4000,0,FALSE,0,FALSE,TRUE,TRUE,3,north,public
FALSE,22000,0,8000,0,TRUE,0,FALSE,TRUE,TRUE,1,north,public
FALSE,49000,0,3000,0,TRUE,3000,FALSE,FALSE,,,north,private
TRUE,13660,5500,13000,7500,TRUE,6000,FALSE,TRUE,TRUE,1,north,public
TRUE,29000,0,9000,0,TRUE,0,FALSE,TRUE,TRUE,2,north,public
FALSE,26000,1250,9000,0,TRUE,7000,FALSE,TRUE,TRUE,1,north,public
FALSE,25000,13000,10000,0,TRUE,10000,FALSE,TRUE,FALSE,,north,public
FALSE,33000,1000,8000,0,TRUE,3000,FALSE,TRUE,TRUE,3,north,public
TRUE,48727,0,10000,0,FALSE,0,TRUE,TRUE,FALSE,,central,private
TRUE,50000,0,10000,0,FALSE,9000,FALSE,TRUE,TRUE,1,east,public
FALSE,12383,3000,10000,8890,TRUE,7500,TRUE,FALSE,,,central,private
TRUE,35000,5000,10000,0,FALSE,0,TRUE,TRUE,FALSE,,north,public
FALSE,24000,1200,6000,1200,TRUE,7000,FALSE,TRUE,TRUE,1,north,public
TRUE,10796,3000,12000,0,FALSE,0,FALSE,TRUE,TRUE,2,north,public
FALSE,33000,1333,5000,0,TRUE,6000,FALSE,TRUE,TRUE,1,north,public
FALSE,52493,0,10000,0,FALSE,0,TRUE,TRUE,FALSE,,north,private
FALSE,28000,2500,5000,0,TRUE,0,FALSE,TRUE,TRUE,1,north,public
TRUE,23327,5000,10000,0,FALSE,12000,TRUE,TRUE,FALSE,,north,public
TRUE,24000,0,2000,0,FALSE,1500,FALSE,TRUE,TRUE,2,,public
TRUE,40145,6000,13000,500,FALSE,0,FALSE,TRUE,FALSE,,north,
FALSE,25000,2000,7000,0,TRUE,5000,FALSE,FALSE,,,north,public
TRUE,44450,0,7000,0,TRUE,0,FALSE,TRUE,TRUE,1,north,public
TRUE,45000,2000,10000,0,TRUE,10000,FALSE,TRUE,TRUE,2,north,private
TRUE,45000,2000,10000,0,TRUE,10000,FALSE,TRUE,TRUE,2,north,private
TRUE,40000,2000,12000,0,TRUE,0,FALSE,TRUE,TRUE,2,north,private
FALSE,20000,3800,10000,0,TRUE,10000,FALSE,TRUE,FALSE,,south,public
TRUE,11825,3800,10000,0,FALSE,0,FALSE,TRUE,TRUE,1,north,public
FALSE,25700,0,5000,0,TRUE,5000,FALSE,FALSE,,,north,public
TRUE,0,1900,8000,0,FALSE,0,TRUE,TRUE,TRUE,2,south,public
TRUE,32000,6000,15000,3000,TRUE,20000,FALSE,FALSE,,,north,public
TRUE,4710,4000,7000,7000,FALSE,10000,FALSE,TRUE,FALSE,,north,public
FALSE,20000,3000,7000,0,TRUE,0,FALSE,TRUE,TRUE,1,north,public
FALSE,27000,7500,7000,0,TRUE,12000,FALSE,TRUE,FALSE,,north,public
TRUE,29394,4900,15000,25000,FALSE,0,FALSE,TRUE,TRUE,1,,public
TRUE,30000,4500,10000,0,TRUE,8000,FALSE,TRUE,TRUE,2,north,public
TRUE,32343,4500,5500,0,FALSE,0,TRUE,TRUE,TRUE,1,north,
FALSE,26000,5000,7000,0,TRUE,10000,FALSE,TRUE,TRUE,2,central,public
TRUE,25000,2400,10000,6000,TRUE,0,FALSE,TRUE,TRUE,3,north,public
FALSE,27288,4300,7500,0,TRUE,7500,TRUE,FALSE,,,central,public
FALSE,12000,7500,5000,0,FALSE,0,FALSE,TRUE,FALSE,,central,public
FALSE,26000,4000,8000,0,FALSE,10000,TRUE,TRUE,FALSE,,south,public
TRUE,26000,7000,7000,5700,TRUE,0,FALSE,TRUE,TRUE,1,east,public
FALSE,50000,6100,10000,0,TRUE,0,FALSE,TRUE,FALSE,,central,public
FALSE,40000,5200,7000,0,TRUE,6000,FALSE,FALSE,,,central,public
TRUE,25130,2000,10000,5000,FALSE,0,TRUE,TRUE,TRUE,1,north,public
TRUE,26144,6500,11000,0,TRUE,0,FALSE,TRUE,TRUE,2,north,public
FALSE,56310,8000,8000,0,TRUE,8000,TRUE,FALSE,,,north,public
TRUE,25000,8500,11500,0,TRUE,18500,FALSE,TRUE,TRUE,2,north,public
FALSE,8000,1000,8000,500,TRUE,0,FALSE,TRUE,TRUE,2,north,private
FALSE,33000,6000,12000,0,TRUE,10000,FALSE,TRUE,FALSE,,north,public
FALSE,48000,0,10000,0,TRUE,4000,TRUE,TRUE,TRUE,1,,public
TRUE,30000,0,10000,0,FALSE,1500,TRUE,TRUE,TRUE,3,north,public
FALSE,28305,2101.25,5500,0,TRUE,7000,FALSE,TRUE,TRUE,1,south,private
TRUE,50000,0,3000,4100,FALSE,0,TRUE,TRUE,TRUE,1,central,
FALSE,30000,0,7000,0,TRUE,0,FALSE,TRUE,FALSE,,,
TRUE,25000,3000,8000,0,TRUE,8000,FALSE,FALSE,,,east,
FALSE,26000,24000,5000,0,TRUE,5000,FALSE,TRUE,TRUE,2,east,
TRUE,30000,5000,8500,0,FALSE,9000,FALSE,TRUE,TRUE,2,north,
FALSE,50000,3400,4500,1666,TRUE,8000,FALSE,TRUE,TRUE,1,south,
FALSE,43000,5300,10000,0,TRUE,15000,FALSE,FALSE,,,central,
TRUE,3356,6000,18000,0,FALSE,11000,TRUE,TRUE,FALSE,,north,
TRUE,30000,4500,5000,0,FALSE,0,FALSE,TRUE,TRUE,2,south,
TRUE,23900,3000,8500,0,TRUE,5000,FALSE,TRUE,TRUE,2,south,
TRUE,6535,5000,6000,12000,TRUE,1000,FALSE,TRUE,TRUE,2,north,
TRUE,27675,168,4000,0,FALSE,0,TRUE,TRUE,TRUE,4,north,
TRUE,55000,5000,6000,0,FALSE,0,TRUE,TRUE,TRUE,1,north,
TRUE,26600,0,7500,0,FALSE,0,TRUE,TRUE,TRUE,2,north,public
FALSE,26000,3000,8000,0,TRUE,0,FALSE,TRUE,FALSE,,central,public
FALSE,7000,3500,6000,0,FALSE,0,FALSE,TRUE,TRUE,1,south,private
FALSE,25000,2500,10000,0,TRUE,10000,FALSE,TRUE,FALSE,,north,public
FALSE,32340,6688,6000,0,TRUE,6000,FALSE,TRUE,TRUE,1,south,
TRUE,15000,6000,6000,0,FALSE,0,FALSE,TRUE,TRUE,2,north,public
FALSE,55000,7000,4000,0,TRUE,11000,FALSE,TRUE,FALSE,,north,public
FALSE,51424,7000,5000,200,TRUE,0,FALSE,TRUE,FALSE,,central,public
TRUE,18043,2600,8000,3000,TRUE,0,FALSE,TRUE,TRUE,2,north,private
FALSE,32000,2200,7500,1336,TRUE,10000,FALSE,FALSE,,,north,private
FALSE,25000,4000,5000,0,FALSE,7000,FALSE,FALSE,,,south,public
FALSE,40000,2500,12000,0,TRUE,10000,FALSE,TRUE,TRUE,1,north,public
FALSE,68000,3700,6000,0,TRUE,0,TRUE,TRUE,FALSE,,central,public
TRUE,35000,3300,9000,10000,FALSE,8000,TRUE,TRUE,TRUE,2,central,public
TRUE,42159,2750,6000,0,TRUE,6000,FALSE,TRUE,TRUE,1,north,public
FALSE,23000,4445,9000,0,TRUE,8000,FALSE,TRUE,TRUE,1,north,private
TRUE,29000,5500,3500,0,TRUE,6000,FALSE,TRUE,TRUE,1,north,public
FALSE,0,0,0,0,TRUE,0,TRUE,TRUE,FALSE,,north,public
TRUE,25000,4000,7500,0,FALSE,7000,TRUE,FALSE,,,east,public
FALSE,23000,3500,8000,500,TRUE,0,FALSE,TRUE,TRUE,2,,public
FALSE,30000,5000,5000,0,TRUE,5000,FALSE,TRUE,TRUE,1,north,public
FALSE,57000,6000,5500,0,TRUE,12000,FALSE,FALSE,,,central,public
FALSE,25000,4500,9000,0,TRUE,9000,FALSE,TRUE,FALSE,,central,private
TRUE,30000,5000,8000,13000,TRUE,0,FALSE,TRUE,TRUE,1,east,private
TRUE,15000,8000,10000,0,TRUE,15000,FALSE,TRUE,TRUE,1,north,public
TRUE,28109,2000,8000,0,TRUE,10000,FALSE,TRUE,TRUE,1,north,public
FALSE,3000,1500,10000,0,TRUE,9000,FALSE,TRUE,FALSE,,north,public
TRUE,22000,5500,10000,0,TRUE,10000,FALSE,TRUE,TRUE,1,north,public
FALSE,24000,5000,9000,8000,TRUE,8000,FALSE,TRUE,TRUE,1,north,private
FALSE,600,4666,7000,0,FALSE,0,FALSE,TRUE,TRUE,1,north,public
FALSE,38000,1400,9000,0,FALSE,11000,TRUE,TRUE,TRUE,1,north,public
FALSE,29000,3200,4000,0,FALSE,6000,FALSE,TRUE,TRUE,1,south,public
FALSE,24870,6970,8000,0,TRUE,9000,FALSE,TRUE,FALSE,,north,public
FALSE,22439,3700,8000,0,TRUE,0,FALSE,TRUE,FALSE,,,private
TRUE,18500,7500,10000,0,FALSE,0,FALSE,TRUE,TRUE,2,north,public
TRUE,18315,5200,8000,0,FALSE,0,FALSE,TRUE,TRUE,2,north,public
FALSE,24000,3200,6.7,0,TRUE,5000,FALSE,TRUE,TRUE,1,south,
TRUE,30000,2000,11000,14000,TRUE,10000,FALSE,TRUE,TRUE,1,north,public
FALSE,26000,2000,6000,0,FALSE,1666,FALSE,TRUE,TRUE,2,east,private
FALSE,23250,0,4500,0,TRUE,3000,FALSE,TRUE,FALSE,,north,private
TRUE,26144,0,10000,10600,TRUE,0,FALSE,TRUE,TRUE,2,north,public
FALSE,30000,4000,10000,0,TRUE,10000,FALSE,FALSE,,,north,public
FALSE,26000,2500,5000,0,FALSE,2000,TRUE,TRUE,FALSE,,north,public
FALSE,29000,3250,9000,0,TRUE,10000,TRUE,TRUE,TRUE,1,north,public
FALSE,24000,1750,6000,12000,TRUE,0,FALSE,TRUE,TRUE,2,north,public
FALSE,25235,1800,5000,0,TRUE,5000,FALSE,TRUE,TRUE,1,north,public
FALSE,1000,0,7000,1000,FALSE,6000,FALSE,TRUE,TRUE,1,north,public
FALSE,26000,8000,8000,0,FALSE,8000,TRUE,FALSE,,,north,public
TRUE,11500,4200,8000,10000,TRUE,3000,FALSE,TRUE,TRUE,2,south,public
FALSE,22000,2000,7000,5000,FALSE,7000,TRUE,TRUE,TRUE,1,north,public
FALSE,24000,0,6000,0,TRUE,3500,TRUE,TRUE,FALSE,,north,public
FALSE,26000,2500,6000,0,FALSE,5000,TRUE,TRUE,FALSE,,north,
FALSE,55332,0,10000,0,TRUE,12000,FALSE,TRUE,TRUE,2,north,public
FALSE,56000,7000,5000,0,TRUE,15000,TRUE,TRUE,TRUE,1,north,public
TRUE,20000,7500,6000,0,TRUE,8000,FALSE,TRUE,TRUE,2,north,public
FALSE,28000,1300,6000,3300,TRUE,0,FALSE,TRUE,TRUE,1,north,public
TRUE,35687,7500,3000,0,TRUE,2500,FALSE,TRUE,TRUE,1,central,public
FALSE,23345,3200,10000,0,FALSE,8000,TRUE,TRUE,TRUE,1,north,public
FALSE,23000,2000,8000,2000,TRUE,0,FALSE,TRUE,TRUE,1,north,public
FALSE,17830,2000,7000,0,TRUE,7000,FALSE,TRUE,TRUE,1,south,public
FALSE,57000,2500,8000,1875,FALSE,8000,TRUE,FALSE,,,south,public
FALSE,24000,4500,8000,0,TRUE,5000,FALSE,TRUE,TRUE,3,north,public
FALSE,25235,4500,7000,500,TRUE,7000,FALSE,TRUE,TRUE,1,north,public
FALSE,24867,4600,8000,0,TRUE,7000,FALSE,TRUE,TRUE,2,south,public
TRUE,30000,3500,8000,0,TRUE,8000,FALSE,TRUE,TRUE,1,north,public
FALSE,25000,2500,25000,0,TRUE,5000,FALSE,TRUE,TRUE,1,north,public
FALSE,47500,5000,4000,833.33,TRUE,4000,FALSE,TRUE,TRUE,1,north,public
FALSE,28000,2500,7000,0,TRUE,3000,TRUE,TRUE,FALSE,,south,public
FALSE,30000,1500,5000,0,TRUE,6000,FALSE,FALSE,,,north,public
FALSE,26000,1500,7000,0,TRUE,6000,FALSE,TRUE,TRUE,1,north,public
FALSE,27000,2000,8000,0,FALSE,8000,TRUE,TRUE,FALSE,,north,private
FALSE,27000,2000,8000,0,TRUE,10000,FALSE,FALSE,,,north,private
TRUE,26000,4500,15000,0,TRUE,5000,FALSE,TRUE,TRUE,4,north,public
FALSE,30000,2750,5000,0,TRUE,5000,FALSE,FALSE,,,north,public
FALSE,24223,2400,10000,0,FALSE,10000,FALSE,TRUE,TRUE,1,north,public
FALSE,25000,10000,10000,0,TRUE,15000,FALSE,FALSE,,,north,public
TRUE,19000,1500,6000,0,TRUE,2000,FALSE,TRUE,TRUE,2,north,public
FALSE,31165,1742.5,6000,0,TRUE,0,TRUE,TRUE,TRUE,2,north,public
FALSE,30000,6000,5000,0,TRUE,5000,FALSE,TRUE,FALSE,,north,private
FALSE,21971,3000,5000,0,TRUE,0,FALSE,TRUE,TRUE,2,central,public
TRUE,26000,2500,12000,0,TRUE,3000,FALSE,TRUE,TRUE,2,north,public
FALSE,29000,1750,8000,0,TRUE,12000,FALSE,FALSE,,,north,public
FALSE,22439,4500,5000,6000,TRUE,5000,FALSE,TRUE,FALSE,,north,public
FALSE,20000,2125,3500,625,FALSE,0,TRUE,FALSE,,,north,public
FALSE,27000,3700,8000,0,TRUE,8000,FALSE,FALSE,,,central,private
TRUE,10500,0,20000,9600,FALSE,0,TRUE,TRUE,TRUE,1,north,public
TRUE,11825,4300,18000,0,TRUE,20000,FALSE,TRUE,TRUE,2,north,public
FALSE,45000,0,4500,2000,TRUE,3000,FALSE,TRUE,FALSE,,其他,public
TRUE,0,2500,7000,0,TRUE,0,FALSE,TRUE,TRUE,2,south,public
TRUE,38265,3600,9000,0,FALSE,10000,TRUE,TRUE,TRUE,1,south,public
FALSE,28000,3200,10000,850,TRUE,8000,FALSE,TRUE,TRUE,1,east,public
TRUE,26000,5000,10000,0,TRUE,10000,FALSE,TRUE,TRUE,1,north,public
FALSE,30000,5000,8000,0,TRUE,10000,FALSE,TRUE,TRUE,2,north,public
FALSE,52000,4500,4000,0,TRUE,7000,FALSE,TRUE,FALSE,,north,public
FALSE,25000,2700,3000,0,FALSE,0,FALSE,TRUE,TRUE,1,north,public
TRUE,13000,2000,8000,0,TRUE,0,FALSE,TRUE,TRUE,3,,public
FALSE,43216,3800,5000,0,FALSE,0,TRUE,TRUE,TRUE,1,south,public
FALSE,31000,2250,10000,750,TRUE,10000,FALSE,TRUE,TRUE,2,east,public
FALSE,28000,3800,6000,0,TRUE,0,FALSE,FALSE,,,south,public
TRUE,556,0,8000,8000,FALSE,0,FALSE,TRUE,TRUE,1,south,public
FALSE,28710,4250,7000,0,FALSE,10000,TRUE,TRUE,TRUE,1,south,public
FALSE,25000,2500,8000,0,TRUE,8000,FALSE,TRUE,TRUE,2,south,public
FALSE,22000,0,4000,1500,TRUE,3500,FALSE,TRUE,TRUE,1,south,public
FALSE,23294,4000,9000,1000,FALSE,7000,TRUE,TRUE,TRUE,1,south,public
FALSE,27000,4000,11000,0,TRUE,10000,FALSE,TRUE,FALSE,,south,public
FALSE,29000,2400,6500,0,TRUE,6000,FALSE,TRUE,FALSE,,south,private
FALSE,30000,5500,13000,0,TRUE,16000,FALSE,TRUE,TRUE,3,south,public
TRUE,10000,5500,7000,2500,FALSE,0,TRUE,TRUE,TRUE,1,south,public
FALSE,30000,4000,4000,0,TRUE,3000,FALSE,TRUE,TRUE,1,south,public
FALSE,22000,2200,7500,0,TRUE,10000,FALSE,TRUE,TRUE,2,south,public
FALSE,25000,3000,10000,0,TRUE,9000,FALSE,TRUE,TRUE,1,south,public
FALSE,29496,4500,10000,2500,TRUE,10000,FALSE,TRUE,TRUE,1,south,private
FALSE,27000,1700,6000,0,TRUE,6000,FALSE,TRUE,TRUE,1,south,public
FALSE,27000,1700,6000,0,TRUE,6000,FALSE,TRUE,TRUE,1,south,public
FALSE,27000,4000,10000,0,FALSE,10000,FALSE,TRUE,FALSE,,south,
FALSE,23000,2200,6000,5000,TRUE,6000,FALSE,TRUE,TRUE,1,south,public
FALSE,29246,2125,8500,2000,FALSE,8500,TRUE,TRUE,TRUE,1,south,public
FALSE,30000,2000,4000,0,TRUE,6000,FALSE,TRUE,FALSE,,north,public
FALSE,25000,4000,5000,8000,TRUE,6000,TRUE,TRUE,TRUE,2,south,public
TRUE,39996,0,12000,4000,TRUE,10000,FALSE,TRUE,TRUE,1,south,public
FALSE,5666,6666,6666,6,TRUE,6666,TRUE,TRUE,TRUE,2,south,public
TRUE,20932,2727,8000,8000,TRUE,0,FALSE,TRUE,TRUE,2,north,public
TRUE,30000,4800,6000,0,TRUE,6000,FALSE,TRUE,TRUE,1,south,public
FALSE,9000,0,7000,0,TRUE,0,FALSE,TRUE,FALSE,,north,public
FALSE,30000,1000,4000,2000,TRUE,10000,FALSE,TRUE,TRUE,1,north,public
FALSE,0,0,0,0,FALSE,0,FALSE,FALSE,,,north,public
FALSE,28940,2125,9000,0,TRUE,10000,FALSE,TRUE,TRUE,1,south,public
FALSE,23000,7000,10000,0,TRUE,0,FALSE,TRUE,TRUE,1,south,public
TRUE,25000,0,14000,0,TRUE,5000,FALSE,TRUE,TRUE,1,south,public
TRUE,25000,5500,14000,0,FALSE,8000,TRUE,TRUE,TRUE,2,south,public
FALSE,27000,1800,5000,250,TRUE,10000,FALSE,TRUE,FALSE,,south,public
TRUE,20000,2000,10000,8000,FALSE,0,FALSE,TRUE,TRUE,2,south,public
FALSE,29000,1300,3000,1500,TRUE,6000,FALSE,TRUE,FALSE,,south,public
TRUE,34406,0,12000,0,TRUE,0,FALSE,TRUE,TRUE,1,south,public
TRUE,29056,2000,10000,0,FALSE,7000,TRUE,TRUE,TRUE,1,south,public
FALSE,25286,1800,8000,0,TRUE,5000,FALSE,TRUE,TRUE,1,south,public
TRUE,27000,0,10000,8000,FALSE,0,FALSE,TRUE,TRUE,1,south,public
FALSE,25000,0,4000,4000,FALSE,0,FALSE,TRUE,TRUE,3,north,public
FALSE,28940,4300,8000,0,TRUE,8000,FALSE,TRUE,TRUE,1,,public
FALSE,50000,5200,10000,0,TRUE,10000,FALSE,FALSE,,,central,public
FALSE,29496,1900,7000,0,TRUE,6000,FALSE,TRUE,TRUE,1,south,public
TRUE,20000,0,6500,0,TRUE,7000,FALSE,TRUE,TRUE,2,south,public
FALSE,24000,7000,4000,0,TRUE,7000,FALSE,TRUE,TRUE,1,south,public
FALSE,8000,8000,2000,0,FALSE,10000,FALSE,FALSE,,,south,public
TRUE,40000,4500,6000,0,TRUE,0,FALSE,TRUE,TRUE,1,south,public
TRUE,15000,0,8000,2000,TRUE,8000,FALSE,FALSE,,,south,public
TRUE,50000,0,6000,0,TRUE,3000,FALSE,TRUE,TRUE,2,south,public
FALSE,25000,6000,9000,0,TRUE,90000,FALSE,TRUE,TRUE,1,south,public
FALSE,32000,0,7000,0,TRUE,6000,FALSE,TRUE,FALSE,,north,public
TRUE,25000,2200,10000,5000,FALSE,0,TRUE,TRUE,TRUE,1,south,public
TRUE,17000,4500,8000,10000,TRUE,5000,FALSE,TRUE,TRUE,1,south,public
TRUE,34406,2500,13000,678,FALSE,10000,TRUE,TRUE,TRUE,2,south,public
FALSE,33767,1500,10000,0,TRUE,10000,FALSE,TRUE,TRUE,1,south,public
FALSE,17650,1200,11000,333,TRUE,8000,FALSE,TRUE,TRUE,1,south,public
FALSE,24223,1260,7000,0,FALSE,7000,FALSE,TRUE,TRUE,2,north,public
TRUE,24600,2650,5000,2654,TRUE,4000,FALSE,TRUE,TRUE,1,north,public
TRUE,20350,5000,6500,0,TRUE,7000,FALSE,TRUE,TRUE,2,south,public
TRUE,32336,2125,6000,700,FALSE,8000,TRUE,TRUE,TRUE,3,south,public
TRUE,16446,3941,9000,0,TRUE,9000,FALSE,TRUE,TRUE,1,south,
FALSE,29496,1800,8000,0,TRUE,10000,FALSE,TRUE,TRUE,1,south,private
FALSE,24223,2500,6500,1000,TRUE,10000,FALSE,TRUE,TRUE,1,north,public
FALSE,12000,7000,8000,3000,FALSE,10000,FALSE,TRUE,TRUE,2,south,public
FALSE,30000,1800,6000,0,TRUE,7500,FALSE,TRUE,TRUE,1,south,public
FALSE,26000,2050,6000,0,TRUE,10000,FALSE,TRUE,TRUE,1,north,public
TRUE,15810,2500,9000,0,TRUE,0,FALSE,TRUE,TRUE,1,north,public
TRUE,24000,1400,5000,0,TRUE,3000,FALSE,TRUE,TRUE,1,north,public
FALSE,34000,3000,11000,0,TRUE,11000,FALSE,FALSE,,,north,public
FALSE,29000,4000,8000,0,TRUE,5000,FALSE,TRUE,TRUE,1,south,public
FALSE,23000,3500,6000,0,TRUE,9000,TRUE,TRUE,TRUE,1,east,public
FALSE,23000,4000,5000,0,FALSE,2000,FALSE,TRUE,TRUE,2,south,public
FALSE,36000,5000,6000,0,FALSE,11000,TRUE,FALSE,,,east,public
FALSE,30000,1900,9000,0,TRUE,8000,FALSE,TRUE,FALSE,,north,public
FALSE,25734,0,10000,0,TRUE,6587,FALSE,TRUE,TRUE,1,north,public
FALSE,17850,1822,9800,0,TRUE,6000,FALSE,TRUE,TRUE,1,north,public
FALSE,20000,0,7000,4000,TRUE,0,FALSE,TRUE,TRUE,1,north,public
FALSE,24510,7000,15000,4000,TRUE,20000,TRUE,TRUE,TRUE,3,north,public
FALSE,29000,0,10000,0,FALSE,0,FALSE,TRUE,TRUE,2,south,public
TRUE,28000,6000,4000,0,FALSE,0,FALSE,TRUE,TRUE,1,north,public
FALSE,50000,6000,6000,0,TRUE,6000,FALSE,TRUE,TRUE,1,north,public
FALSE,30000,0,20000,0,TRUE,4800,FALSE,TRUE,FALSE,,north,public
TRUE,29350,5800,7000,3000,FALSE,0,FALSE,TRUE,TRUE,1,north,public
FALSE,50000,6500,11000,3000,TRUE,17000,FALSE,TRUE,TRUE,1,north,public
FALSE,30000,7500,8000,0,TRUE,13000,FALSE,TRUE,FALSE,,north,public
FALSE,30000,7500,8000,0,TRUE,13000,FALSE,TRUE,FALSE,,north,public
FALSE,30000,7500,8000,0,TRUE,13000,FALSE,TRUE,FALSE,,north,public
FALSE,30000,7500,8000,0,TRUE,13000,FALSE,TRUE,FALSE,,north,private
FALSE,31000,1700,7000,0,TRUE,3000,FALSE,TRUE,TRUE,1,north,public
FALSE,22000,3000,9000,0,TRUE,8000,FALSE,FALSE,,,north,public
FALSE,28013,1575,5000,0,TRUE,0,FALSE,TRUE,TRUE,1,north,public
TRUE,55000,5500,9000,10000,TRUE,10000,FALSE,TRUE,TRUE,4,north,public
TRUE,55045,4000,6000,0,TRUE,6000,FALSE,TRUE,TRUE,2,north,private
TRUE,55000,4500,10000,3000,TRUE,8000,FALSE,TRUE,TRUE,1,north,public
TRUE,60000,4000,10000,7000,TRUE,10000,FALSE,TRUE,TRUE,2,north,public
FALSE,50000,4000,10000,260,TRUE,10000,FALSE,FALSE,,,central,public
FALSE,28000,2300,14000,0,TRUE,15000,FALSE,FALSE,,,north,public
FALSE,22384,4300,12000,0,FALSE,0,TRUE,TRUE,FALSE,,north,public
FALSE,20000,4000,5000,0,TRUE,5000,FALSE,TRUE,FALSE,,east,private
FALSE,50000,6000,10000,0,TRUE,10000,TRUE,TRUE,FALSE,,north,public
FALSE,23000,5000,5000,0,TRUE,5000,FALSE,TRUE,TRUE,1,north,private
FALSE,23000,5000,5000,0,TRUE,5000,FALSE,TRUE,TRUE,1,north,public
FALSE,23000,5000,5000,0,TRUE,5000,FALSE,TRUE,TRUE,1,north,public
FALSE,25000,0,8000,0,TRUE,8000,FALSE,FALSE,,,north,private
FALSE,26000,13000,10000,0,TRUE,13000,FALSE,TRUE,TRUE,2,north,public
TRUE,12000,4800,5000,0,TRUE,5000,FALSE,TRUE,TRUE,1,north,public
TRUE,27000,3000,15000,18000,TRUE,0,FALSE,FALSE,,,south,public
TRUE,11000,5000,12000,0,FALSE,0,TRUE,TRUE,TRUE,1,south,public
FALSE,30000,0,7000,0,TRUE,10000,FALSE,TRUE,TRUE,1,south,public
TRUE,20000,6000,6000,4000,FALSE,0,FALSE,TRUE,TRUE,3,south,public
FALSE,28000,7500,8000,0,TRUE,7500,FALSE,TRUE,TRUE,1,south,public
TRUE,27000,5000,8000,0,TRUE,10000,FALSE,FALSE,,,south,private
FALSE,33000,5000,10000,0,FALSE,10000,TRUE,TRUE,TRUE,1,south,private
FALSE,29266,2125,7000,0,TRUE,7000,FALSE,TRUE,TRUE,1,south,private
TRUE,35476,5800,10000,0,TRUE,0,FALSE,TRUE,TRUE,1,south,private
TRUE,32000,3500,8000,0,TRUE,8000,FALSE,TRUE,TRUE,1,south,private
TRUE,11736,0,80000,0,TRUE,8000,TRUE,TRUE,TRUE,1,south,public
FALSE,51868,12500,7000,0,FALSE,0,TRUE,TRUE,TRUE,2,south,public
FALSE,55000,3500,8000,0,TRUE,8000,FALSE,FALSE,,,north,public
FALSE,32000,4000,6000,0,TRUE,8000,FALSE,TRUE,FALSE,,south,private
FALSE,49000,2500,10000,0,TRUE,10000,FALSE,TRUE,TRUE,1,north,public
FALSE,50000,4500,7000,0,FALSE,0,TRUE,TRUE,FALSE,,north,public
FALSE,24000,0,8000,0,TRUE,5000,FALSE,TRUE,TRUE,1,north,public
FALSE,30000,3500,7000,0,TRUE,12000,FALSE,TRUE,TRUE,1,south,public
FALSE,23000,2100,8000,6000,TRUE,8000,FALSE,TRUE,TRUE,2,north,public
TRUE,15000,5000,10000,0,TRUE,5000,FALSE,TRUE,TRUE,1,east,public
FALSE,59000,0,4500,500,TRUE,2000,FALSE,TRUE,TRUE,1,north,public
FALSE,24000,0,5000,0,TRUE,1500,FALSE,FALSE,,,north,public
FALSE,32000,23100,5000,1250,TRUE,5000,FALSE,TRUE,TRUE,1,south,public
FALSE,50000,6000,10000,1000,TRUE,10000,FALSE,FALSE,,,north,public
FALSE,24000,0,5000,0,TRUE,0,FALSE,TRUE,TRUE,1,north,public
FALSE,23000,4000,6000,0,TRUE,2000,FALSE,TRUE,FALSE,,south,public
TRUE,25000,6000,5000,5000,TRUE,5000,FALSE,TRUE,TRUE,1,north,public
FALSE,50000,3000,6000,2500,TRUE,6000,FALSE,TRUE,TRUE,1,north,public
FALSE,60000,30000,10000,0,FALSE,4000,TRUE,TRUE,TRUE,1,north,public
TRUE,20000,6000,6000,4000,FALSE,0,FALSE,TRUE,TRUE,3,south,public
FALSE,0,0,8000,0,TRUE,8000,FALSE,FALSE,,,south,public
FALSE,38000,2500,5000,0,TRUE,5000,FALSE,TRUE,TRUE,1,south,private
TRUE,20000,18000,15000,6000,FALSE,25000,TRUE,FALSE,,,north,private
FALSE,24000,3750,5000,0,TRUE,8000,FALSE,TRUE,TRUE,2,south,public
FALSE,17000,3000,5000,0,TRUE,0,FALSE,TRUE,FALSE,,south,private
FALSE,17000,3000,7000,0,TRUE,0,FALSE,TRUE,TRUE,1,south,private
FALSE,9000,3200,11000,0,TRUE,11000,FALSE,TRUE,TRUE,2,south,public
FALSE,15000,2400,5000,5000,TRUE,0,FALSE,TRUE,TRUE,1,south,public
TRUE,20000,6000,6000,4000,FALSE,0,FALSE,TRUE,TRUE,3,south,public
FALSE,30000,3000,7000,0,FALSE,0,TRUE,TRUE,TRUE,3,south,public
TRUE,20000,6000,6000,4000,FALSE,0,FALSE,TRUE,TRUE,3,south,private
TRUE,20000,6000,6000,4000,FALSE,0,FALSE,TRUE,TRUE,3,south,public
TRUE,20000,6000,6000,4000,FALSE,0,FALSE,TRUE,TRUE,3,south,public
FALSE,22400,4300,8000,0,TRUE,0,FALSE,TRUE,TRUE,1,,private
TRUE,36759,4400,10000,0,TRUE,8000,FALSE,TRUE,TRUE,3,south,public
FALSE,39000,2500,8000,20000,TRUE,0,FALSE,TRUE,TRUE,1,south,public
TRUE,30000,1666,12000,0,FALSE,0,FALSE,TRUE,TRUE,1,north,public
FALSE,24000,2000,6000,0,TRUE,6000,FALSE,FALSE,,,south,private
FALSE,26000,3500,5000,0,TRUE,4000,TRUE,TRUE,TRUE,1,south,private
TRUE,30000,2000,12000,7600,TRUE,10000,FALSE,TRUE,TRUE,1,north,public
TRUE,23000,4000,10000,0,FALSE,3000,TRUE,TRUE,TRUE,1,south,public
TRUE,11169,3833,12000,0,TRUE,7000,FALSE,TRUE,TRUE,2,south,public
TRUE,11629,2500,8000,0,TRUE,0,FALSE,TRUE,TRUE,1,south,public
FALSE,25000,1500,4500,0,TRUE,6000,FALSE,TRUE,TRUE,1,south,public
FALSE,23000,4500,5000,10000,TRUE,0,FALSE,TRUE,TRUE,1,north,public
FALSE,25000,2000,7000,0,TRUE,7000,FALSE,TRUE,TRUE,1,south,public
FALSE,24500,3600,4500,0,TRUE,6000,FALSE,TRUE,TRUE,2,south,public
FALSE,29000,5000,7000,0,FALSE,5000,FALSE,TRUE,TRUE,1,south,public
TRUE,21000,1500,6000,4000,TRUE,0,FALSE,TRUE,TRUE,1,south,public
TRUE,26800,4800,9000,0,TRUE,14000,FALSE,TRUE,TRUE,1,north,public
TRUE,35000,9000,10000,0,TRUE,10000,FALSE,TRUE,TRUE,1,north,public
TRUE,35000,9000,10000,0,TRUE,10000,FALSE,TRUE,TRUE,1,north,public
FALSE,33000,1500,6000,0,TRUE,8000,FALSE,TRUE,TRUE,1,south,public
FALSE,23000,3000,5000,500,TRUE,5000,FALSE,TRUE,FALSE,,south,public
TRUE,16000,16000,11000,0,TRUE,11000,FALSE,TRUE,TRUE,2,north,
FALSE,7748,4000,8000,1000,TRUE,6000,FALSE,TRUE,TRUE,2,south,public
FALSE,25000,1925,7500,0,TRUE,10000,FALSE,TRUE,TRUE,1,south,public
FALSE,24020,3666,5000,1000,TRUE,0,FALSE,TRUE,TRUE,1,south,public
TRUE,13655,8037,8000,6000,FALSE,0,TRUE,TRUE,TRUE,1,north,public
TRUE,27000,2000,6000,3000,TRUE,5000,FALSE,TRUE,TRUE,1,south,public
TRUE,52000,3000,9000,3375,TRUE,0,FALSE,TRUE,TRUE,2,north,public
FALSE,28000,4200,6000,0,TRUE,0,FALSE,TRUE,TRUE,2,south,public
FALSE,25000,4100,7000,0,TRUE,8000,FALSE,TRUE,TRUE,2,south,public
FALSE,33000,5000,12000,0,TRUE,12000,TRUE,FALSE,,,south,public
FALSE,49148,0,7000,0,FALSE,0,TRUE,TRUE,FALSE,,north,public
TRUE,13000,3500,6000,0,TRUE,4000,TRUE,TRUE,TRUE,2,south,public
FALSE,49000,0,11000,0,TRUE,6000,FALSE,TRUE,FALSE,,north,public
TRUE,3800,0,2500,0,FALSE,0,TRUE,TRUE,TRUE,2,south,public
FALSE,22089,3750,12000,0,FALSE,0,TRUE,TRUE,TRUE,2,south,public
FALSE,28000,3000,5000,0,FALSE,0,FALSE,TRUE,TRUE,1,central,public
FALSE,24000,0,80000,0,TRUE,0,FALSE,TRUE,FALSE,,north,public
TRUE,11736,8000,18000,0,FALSE,4000,TRUE,TRUE,TRUE,2,south,public
TRUE,18418,6000,10000,0,TRUE,20000,FALSE,TRUE,TRUE,1,south,public
FALSE,22000,0,10000,0,TRUE,10000,FALSE,TRUE,TRUE,2,north,public
FALSE,24000,6000,10000,0,FALSE,0,TRUE,TRUE,FALSE,,central,public
TRUE,11000,9000,15000,0,FALSE,0,FALSE,TRUE,TRUE,2,south,public
FALSE,24423,0,5000,0,TRUE,6000,FALSE,TRUE,TRUE,1,,public
FALSE,20000,0,6000,0,TRUE,0,FALSE,TRUE,FALSE,,north,public
FALSE,25000,10000,10000,0,TRUE,20000,FALSE,TRUE,FALSE,,north,public
FALSE,30000,2500,10000,0,TRUE,10000,FALSE,TRUE,FALSE,,,public
FALSE,46000,4500,9000,0,TRUE,9000,FALSE,TRUE,FALSE,,central,public
TRUE,25000,7400,10000,9767,TRUE,10000,FALSE,TRUE,TRUE,1,north,private
FALSE,41000,0,2500,4150,FALSE,0,TRUE,FALSE,,,north,public
FALSE,22397,1650,5000,0,TRUE,6000,FALSE,TRUE,TRUE,3,central,public
TRUE,14212,2616,12000,0,FALSE,0,TRUE,TRUE,TRUE,3,north,public
FALSE,49500,5000,10000,0,TRUE,10000,FALSE,TRUE,TRUE,1,north,private
FALSE,24000,5500,5000,500,TRUE,5000,FALSE,TRUE,FALSE,,north,public
FALSE,25000,4600,8000,0,TRUE,8000,FALSE,TRUE,FALSE,,north,private
FALSE,50000,3800,5000,0,FALSE,2000,TRUE,TRUE,TRUE,1,south,private
FALSE,24201,3050,5000,1400,FALSE,4000,TRUE,TRUE,TRUE,1,central,public
FALSE,42020,7500,10000,0,TRUE,20000,FALSE,TRUE,TRUE,1,north,public
FALSE,21000,5500,9000,0,TRUE,5500,TRUE,TRUE,FALSE,,central,public
FALSE,50000,5000,8000,2500,TRUE,8000,FALSE,TRUE,TRUE,1,,public
FALSE,22000,6000,10000,600,TRUE,15000,FALSE,TRUE,TRUE,1,north,public
FALSE,44000,1800,5000,0,TRUE,1000,TRUE,TRUE,FALSE,,central,public
FALSE,24000,4000,8500,0,TRUE,7500,TRUE,TRUE,TRUE,1,central,public
TRUE,18099,0,13000,0,TRUE,10000,FALSE,TRUE,TRUE,2,south,public
FALSE,50000,8000,13000,0,TRUE,10000,FALSE,TRUE,FALSE,,north,public
FALSE,32150,22150,6000,2500,TRUE,7000,FALSE,TRUE,TRUE,1,north,
FALSE,32000,5600,8000,1200,TRUE,6000,FALSE,TRUE,TRUE,1,north,public
FALSE,27000,2700,4000,0,TRUE,7000,FALSE,TRUE,TRUE,1,central,public
FALSE,4300,3000,10000,0,FALSE,10000,FALSE,TRUE,TRUE,1,south,public
FALSE,46000,2800,6000,0,TRUE,8000,FALSE,TRUE,TRUE,1,north,
TRUE,34000,0,5000,0,FALSE,0,TRUE,TRUE,FALSE,,south,private
TRUE,26585,3500,8000,0,FALSE,0,TRUE,TRUE,TRUE,2,north,public
FALSE,43000,7000,6000,0,TRUE,8000,FALSE,TRUE,TRUE,1,其他,private
FALSE,46000,2200,6000,0,TRUE,10000,TRUE,TRUE,TRUE,1,north,public
FALSE,3000,14800,5000,0,TRUE,7000,FALSE,FALSE,,,south,public
TRUE,12910,6000,18000,0,FALSE,0,FALSE,TRUE,TRUE,3,north,private
TRUE,0,0,10000,8860,TRUE,3000,FALSE,TRUE,TRUE,1,,public
FALSE,50000,0,10000,0,TRUE,0,FALSE,TRUE,FALSE,,north,private
FALSE,39000,2375,3500,0,TRUE,8000,TRUE,TRUE,TRUE,1,east,private
TRUE,25000,3500,10000,0,FALSE,0,FALSE,TRUE,FALSE,,north,public
TRUE,20000,3500,8000,4000,TRUE,10000,FALSE,FALSE,,,north,private
FALSE,23000,8650,8000,0,FALSE,8000,TRUE,TRUE,FALSE,,north,public
TRUE,0,0,10000,0,FALSE,0,FALSE,TRUE,TRUE,1,north,private
TRUE,13864,8000,6000,0,FALSE,0,TRUE,TRUE,TRUE,1,south,
FALSE,29964,1367,6178,0,TRUE,9000,FALSE,TRUE,TRUE,1,north,
FALSE,50000,7000,15000,0,TRUE,12000,FALSE,TRUE,TRUE,2,north,
TRUE,50000,5000,5000,4000,FALSE,0,FALSE,TRUE,TRUE,4,central,
FALSE,6028,3500,8000,0,FALSE,3500,TRUE,TRUE,FALSE,,south,
FALSE,25000,3000,6000,0,TRUE,0,FALSE,TRUE,TRUE,1,north,public
FALSE,1000,2625,4500,0,TRUE,4500,FALSE,TRUE,TRUE,1,north,private
TRUE,24000,0,10000,2000,TRUE,0,FALSE,TRUE,FALSE,,north,public
FALSE,24000,0,7000,0,TRUE,0,FALSE,TRUE,FALSE,,south,public
FALSE,25333,2254,9000,7000,TRUE,9000,FALSE,TRUE,TRUE,2,north,private
FALSE,50000,0,20000,0,TRUE,0,TRUE,TRUE,FALSE,,north,public
FALSE,27588,2233.3,6000,0,FALSE,6000,FALSE,TRUE,TRUE,1,central,public
FALSE,40000,2400,6000,0,TRUE,6000,FALSE,TRUE,TRUE,2,north,public
FALSE,52000,0,3000,0,TRUE,5000,FALSE,TRUE,TRUE,1,south,public
FALSE,45784,3200,6000,16350,FALSE,1000,FALSE,TRUE,TRUE,1,south,private
FALSE,25000,3000,7000,0,TRUE,12000,FALSE,TRUE,FALSE,,south,private
FALSE,22000,6000,7000,250,FALSE,4000,TRUE,TRUE,TRUE,1,south,public
FALSE,40000,4000,8000,10000,TRUE,10000,FALSE,TRUE,FALSE,,south,private
FALSE,56138,3300,6000,3000,FALSE,0,FALSE,TRUE,TRUE,1,south,private
FALSE,80000,4000,8000,0,FALSE,12000,TRUE,TRUE,TRUE,1,central,private
FALSE,45000,4300,8000,0,TRUE,10000,FALSE,TRUE,TRUE,2,south,public
FALSE,45000,4300,8000,0,TRUE,10000,FALSE,TRUE,TRUE,2,south,public
FALSE,45000,4300,8000,0,TRUE,10000,FALSE,TRUE,TRUE,2,south,
FALSE,45000,4300,8000,0,TRUE,10000,FALSE,TRUE,TRUE,2,south,
FALSE,45000,4300,8000,0,TRUE,10000,FALSE,TRUE,TRUE,2,south,private
FALSE,45000,4300,8000,0,TRUE,10000,FALSE,TRUE,TRUE,2,south,private
FALSE,45000,4300,8000,0,TRUE,10000,FALSE,TRUE,TRUE,2,south,public
FALSE,45000,4300,8000,0,TRUE,10000,FALSE,TRUE,TRUE,2,south,public
FALSE,45000,4300,8000,0,TRUE,10000,FALSE,TRUE,TRUE,2,south,public
FALSE,45000,4300,8000,0,TRUE,10000,FALSE,TRUE,TRUE,2,south,private
FALSE,45000,4300,8000,0,TRUE,10000,FALSE,TRUE,TRUE,2,south,public
FALSE,45000,4300,8000,0,TRUE,10000,FALSE,TRUE,TRUE,2,south,public
FALSE,45000,4300,8000,0,TRUE,10000,FALSE,TRUE,TRUE,2,south,private
FALSE,45000,4300,8000,0,TRUE,10000,FALSE,TRUE,TRUE,2,south,public
FALSE,45000,4300,8000,0,TRUE,10000,FALSE,TRUE,TRUE,2,south,public
FALSE,45000,4300,8000,0,TRUE,10000,FALSE,TRUE,TRUE,2,south,public
TRUE,24000,2500,9000,0,FALSE,0,FALSE,TRUE,FALSE,,north,private
FALSE,1,1,1,1,TRUE,1,TRUE,TRUE,TRUE,1,north,public
TRUE,15000,7500,12000,0,TRUE,0,FALSE,TRUE,TRUE,1,north,public
FALSE,29593,4000,7000,0,TRUE,7500,FALSE,TRUE,TRUE,1,north,public
FALSE,72900,0,15000,0,TRUE,8000,FALSE,TRUE,FALSE,,north,private
TRUE,21425,3250,8000,0,TRUE,8000,FALSE,TRUE,TRUE,2,north,public
TRUE,16965,3350,9000,5000,FALSE,9000,TRUE,TRUE,TRUE,1,north,public
FALSE,20000,2000,8000,0,TRUE,8000,FALSE,FALSE,,,north,private
FALSE,25255,0,10000,0,TRUE,12000,FALSE,TRUE,TRUE,1,north,private
TRUE,13655,0,6000,0,FALSE,6000,FALSE,TRUE,TRUE,2,north,public
FALSE,32000,0,1000,0,TRUE,1000,FALSE,FALSE,,,north,public
TRUE,18952,1800,8000,7650,TRUE,5000,FALSE,TRUE,TRUE,1,north,public
TRUE,66000,11000,15000,6500,TRUE,15000,FALSE,TRUE,TRUE,1,north,private
TRUE,22450,2470,10000,13000,FALSE,0,TRUE,TRUE,TRUE,2,north,private
FALSE,29593,2234,8000,400,FALSE,10000,TRUE,TRUE,TRUE,1,north,private
TRUE,13000,5500,12000,20000,TRUE,4500,FALSE,TRUE,TRUE,2,north,private
TRUE,700,3750,15000,4000,FALSE,0,FALSE,TRUE,TRUE,2,north,private
TRUE,11843,3750,15000,0,FALSE,12000,FALSE,TRUE,TRUE,2,north,private
FALSE,28630,9600,6000,0,TRUE,6000,FALSE,TRUE,FALSE,,north,private
FALSE,26000,2000,10000,0,TRUE,10000,FALSE,FALSE,,,north,private
TRUE,31000,3500,11000,5400,FALSE,3000,FALSE,TRUE,TRUE,4,north,private
FALSE,28000,2500,6000,0,TRUE,6000,FALSE,TRUE,TRUE,1,north,private
TRUE,35000,12000,10000,0,TRUE,0,FALSE,TRUE,TRUE,1,north,private
FALSE,45000,6500,9000,0,FALSE,7000,TRUE,TRUE,TRUE,1,north,private
TRUE,13000,0,2500,0,TRUE,1500,FALSE,TRUE,TRUE,1,north,private
FALSE,25000,3150,6000,0,TRUE,6000,FALSE,FALSE,,,south,private
FALSE,26403,4600,5400,0,TRUE,5400,FALSE,TRUE,FALSE,,south,private
FALSE,22000,2000,7500,0,TRUE,8000,FALSE,FALSE,,,south,private
FALSE,26403,2300,5000,0,TRUE,5000,FALSE,TRUE,FALSE,,south,private
TRUE,40000,5000,6000,6000,TRUE,0,FALSE,FALSE,,,north,private
TRUE,31000,6500,8000,6000,FALSE,0,TRUE,FALSE,,,north,public
TRUE,11000,0,15000,0,TRUE,0,FALSE,TRUE,TRUE,4,central,public
TRUE,30000,3500,8000,30000,FALSE,0,FALSE,TRUE,TRUE,2,south,public
FALSE,30000,3000,6000,1000,TRUE,0,FALSE,TRUE,TRUE,1,central,public
TRUE,50000,4000,8000,9000,TRUE,8000,FALSE,TRUE,TRUE,2,north,private
FALSE,25000,1800,8000,0,TRUE,8000,FALSE,FALSE,,,south,public
FALSE,26000,4750,6000,0,TRUE,14500,FALSE,TRUE,TRUE,1,south,public
TRUE,20143,0,13000,0,FALSE,0,FALSE,TRUE,FALSE,,north,public
TRUE,30864,0,10000,6000,TRUE,3000,FALSE,TRUE,TRUE,1,north,public
TRUE,4790,7000,16000,0,TRUE,0,TRUE,TRUE,FALSE,,north,public
TRUE,26000,0,10000,0,TRUE,0,FALSE,TRUE,TRUE,3,north,private
TRUE,15000,3500,6500,3000,FALSE,0,TRUE,TRUE,TRUE,3,north,public
FALSE,50150,2500,4000,0,TRUE,5000,FALSE,TRUE,TRUE,1,central,public
TRUE,25000,3900,9000,5000,TRUE,0,FALSE,TRUE,TRUE,1,south,public
FALSE,28000,7500,7000,0,TRUE,0,FALSE,TRUE,TRUE,1,north,public
FALSE,40000,20000,10000,0,TRUE,10000,FALSE,TRUE,TRUE,1,south,public
FALSE,23568,6200,5000,0,FALSE,4000,TRUE,TRUE,TRUE,1,central,public
TRUE,20000,3500,8000,0,TRUE,8000,FALSE,TRUE,TRUE,1,north,public
FALSE,25000,0,9000,0,TRUE,6000,FALSE,TRUE,TRUE,1,south,public
FALSE,21000,1500,8000,0,FALSE,0,TRUE,TRUE,FALSE,,north,public
FALSE,31000,0,8000,0,FALSE,0,TRUE,TRUE,TRUE,1,north,public
FALSE,5000,0,4000,0,FALSE,0,TRUE,TRUE,FALSE,,north,public
TRUE,49000,5000,10009,0,FALSE,16000,TRUE,TRUE,TRUE,3,north,public
FALSE,2,5000,7000,0,TRUE,0,FALSE,TRUE,TRUE,1,離島,private
FALSE,8320,8500,7500,0,FALSE,8000,TRUE,TRUE,TRUE,1,north,public
FALSE,25000,2750,9000,0,TRUE,9000,FALSE,TRUE,TRUE,1,south,public
TRUE,47000,5500,10000,2000,FALSE,0,TRUE,TRUE,TRUE,3,south,public
TRUE,55095,0,15000,0,FALSE,0,TRUE,TRUE,TRUE,4,north,public
FALSE,30000,0,10000,0,TRUE,8000,FALSE,TRUE,TRUE,1,north,public
TRUE,30000,20000,8000,0,TRUE,8000,TRUE,TRUE,TRUE,1,north,public
TRUE,26420,0,20000,0,TRUE,10000,FALSE,TRUE,TRUE,2,north,public
FALSE,25309,3000,8000,300,TRUE,12000,FALSE,TRUE,TRUE,1,south,public
FALSE,48000,5000,2000,0,TRUE,0,FALSE,FALSE,,,north,public
FALSE,46060,0,8000,0,TRUE,9000,FALSE,TRUE,TRUE,1,north,public
TRUE,46000,0,5000,3000,TRUE,5000,FALSE,TRUE,TRUE,1,north,public
FALSE,43800,4000,6000,0,TRUE,11000,FALSE,TRUE,TRUE,1,north,public
FALSE,47065,4300,4500,0,FALSE,0,TRUE,TRUE,TRUE,1,central,public
FALSE,48000,4200,10000,2500,TRUE,10000,FALSE,TRUE,FALSE,,central,public
TRUE,30000,4000,13000,0,TRUE,10000,FALSE,TRUE,TRUE,3,,public
FALSE,48370,0,5000,0,TRUE,6000,FALSE,TRUE,TRUE,1,north,private
TRUE,12000,4000,5000,0,FALSE,0,FALSE,TRUE,TRUE,1,south,public
FALSE,28000,3000,10000,5000,FALSE,0,FALSE,TRUE,TRUE,2,south,public
FALSE,25310,0,5000,0,TRUE,3000,TRUE,TRUE,TRUE,2,south,private
FALSE,46235,0,3500,0,TRUE,3500,FALSE,TRUE,TRUE,1,north,public
TRUE,26875,2000,4500,10000,TRUE,15000,FALSE,TRUE,TRUE,1,central,public
FALSE,27000,1900,7000,3500,FALSE,6000,TRUE,TRUE,TRUE,1,south,private
FALSE,23500,4000,6500,0,TRUE,4000,FALSE,TRUE,TRUE,2,central,public
FALSE,45000,2000,6000,0,TRUE,8500,FALSE,TRUE,FALSE,,north,public
FALSE,50000,2000,6500,6400,FALSE,0,FALSE,TRUE,TRUE,1,north,public
TRUE,13600,4300,5000,1500,FALSE,0,TRUE,TRUE,TRUE,1,south,public
TRUE,13279,0,12000,0,TRUE,8000,FALSE,TRUE,TRUE,1,south,public
TRUE,12000,3300,8000,0,TRUE,0,FALSE,TRUE,TRUE,2,central,private
FALSE,4800,1450,5000,0,TRUE,5000,FALSE,TRUE,FALSE,,south,private
FALSE,28000,0,10000,0,TRUE,8000,FALSE,FALSE,,,central,public
FALSE,31000,5000,6000,0,TRUE,0,FALSE,TRUE,TRUE,1,south,public
TRUE,17409,6000,8000,10000,TRUE,10000,FALSE,TRUE,TRUE,2,south,public
FALSE,25900,5000,5000,500,TRUE,10000,FALSE,TRUE,TRUE,1,south,private
TRUE,15000,4000,7000,5000,FALSE,0,FALSE,TRUE,TRUE,2,south,private
FALSE,24000,2250,8000,750,FALSE,8000,FALSE,TRUE,TRUE,1,north,public
FALSE,26000,0,5000,500,TRUE,5000,FALSE,TRUE,TRUE,2,north,public
TRUE,10324,0,10000,0,TRUE,10000,FALSE,TRUE,TRUE,2,central,public
FALSE,25000,0,5000,0,FALSE,4500,TRUE,TRUE,TRUE,1,south,public
FALSE,23000,2950,7000,1250,TRUE,7000,TRUE,TRUE,TRUE,2,central,private
FALSE,26000,3625,9000,0,TRUE,10000,FALSE,TRUE,TRUE,2,south,private
FALSE,25210,3000,6000,3000,FALSE,0,FALSE,TRUE,TRUE,1,south,private
FALSE,23466,1110,8000,0,TRUE,8000,FALSE,TRUE,TRUE,1,central,private
FALSE,900,7000,7000,2500,FALSE,0,FALSE,TRUE,TRUE,1,south,private
FALSE,26000,3000,10000,0,TRUE,6000,FALSE,TRUE,TRUE,1,central,private
TRUE,26420,0,20000,0,TRUE,10000,FALSE,TRUE,TRUE,2,north,public
FALSE,24000,3500,6000,6000,TRUE,3000,FALSE,TRUE,TRUE,1,central,
TRUE,53000,4800,8000,0,TRUE,10000,FALSE,TRUE,TRUE,2,central,
TRUE,15000,6700,5000,0,FALSE,0,FALSE,TRUE,TRUE,2,south,
FALSE,28013,1600,8000,0,TRUE,7000,FALSE,TRUE,TRUE,1,north,private
TRUE,50000,8000,3000,0,TRUE,1000,FALSE,TRUE,TRUE,1,central,public
TRUE,33200,5000,10000,2000,FALSE,5000,TRUE,TRUE,TRUE,1,south,public
FALSE,25000,6600,9000,0,TRUE,4000,TRUE,TRUE,FALSE,,central,public
FALSE,49000,8700,6000,0,TRUE,6000,TRUE,TRUE,FALSE,,central,private
FALSE,56685,0,6000,500,TRUE,3000,FALSE,TRUE,FALSE,,central,public
FALSE,25000,5000,8000,6000,TRUE,8000,FALSE,TRUE,TRUE,2,central,public
FALSE,30000,3500,7000,0,TRUE,9000,FALSE,TRUE,TRUE,1,south,public
FALSE,22000,5000,5000,0,FALSE,0,FALSE,TRUE,TRUE,1,central,private
TRUE,30000,6000,10000,6000,TRUE,15000,FALSE,TRUE,TRUE,1,south,private
TRUE,5000,10000,6000,4000,TRUE,20000,TRUE,TRUE,TRUE,1,central,public
FALSE,50000,3500,5000,0,TRUE,7000,FALSE,FALSE,,,south,public
TRUE,10000,3000,6000,10000,FALSE,0,FALSE,TRUE,TRUE,1,central,public
FALSE,50000,3500,6000,0,TRUE,0,FALSE,TRUE,TRUE,2,south,public
FALSE,54000,5500,5000,0,TRUE,5000,FALSE,TRUE,TRUE,1,central,private
FALSE,29589,3400,8000,1200,TRUE,2000,FALSE,TRUE,TRUE,1,south,public
TRUE,50000,2500,8000,9000,FALSE,12000,TRUE,FALSE,,,north,public
FALSE,35000,4500,10000,0,TRUE,0,FALSE,TRUE,TRUE,1,north,public
FALSE,53920,4200,7000,0,TRUE,3000,FALSE,TRUE,TRUE,1,central,public
TRUE,18000,5000,7000,15000,TRUE,5000,FALSE,TRUE,TRUE,1,south,public
FALSE,16000,1353,7000,0,TRUE,6000,FALSE,FALSE,,,central,public
FALSE,49627,3800,8000,0,TRUE,10000,TRUE,TRUE,TRUE,1,central,public
TRUE,53040,13000,7000,0,TRUE,30000,FALSE,TRUE,TRUE,4,north,public
TRUE,24602,11600,7000,20000,TRUE,10000,FALSE,TRUE,TRUE,1,north,public
FALSE,22000,4200,6000,0,TRUE,6000,FALSE,TRUE,TRUE,1,south,public
FALSE,16000,0,4000,0,FALSE,0,TRUE,TRUE,TRUE,2,central,public
TRUE,22840,6400,10000,0,FALSE,10000,TRUE,TRUE,TRUE,2,north,public
TRUE,20000,2800,9000,0,TRUE,9000,FALSE,TRUE,TRUE,1,south,private
FALSE,61462,2600,5500,0,TRUE,6000,FALSE,TRUE,FALSE,,north,public
TRUE,30000,4250,8500,0,FALSE,0,TRUE,TRUE,FALSE,,north,public
TRUE,52850,0,2100,0,FALSE,0,FALSE,TRUE,FALSE,,north,public
TRUE,35971,0,8000,0,TRUE,5000,FALSE,TRUE,TRUE,1,north,private
FALSE,39000,1000,9000,5000,FALSE,0,TRUE,FALSE,,,south,public
FALSE,30000,3000,10000,0,TRUE,15000,FALSE,TRUE,TRUE,1,south,public
FALSE,30000,5800,7500,0,TRUE,10000,FALSE,TRUE,TRUE,1,south,private
FALSE,25000,3000,9000,0,TRUE,5000,FALSE,TRUE,TRUE,1,north,public
TRUE,10690,7000,8000,0,TRUE,20000,FALSE,TRUE,TRUE,1,north,public
TRUE,23934,0,14000,5000,FALSE,8000,TRUE,TRUE,TRUE,1,east,private
TRUE,55500,5500,10000,10000,TRUE,10000,FALSE,TRUE,TRUE,1,central,private
FALSE,57000,4500,4500,0,FALSE,6000,TRUE,FALSE,,,central,public
TRUE,25000,2500,10000,0,TRUE,0,FALSE,TRUE,TRUE,2,east,public
TRUE,16600,3400,5000,10000,TRUE,8000,FALSE,TRUE,TRUE,2,south,public
TRUE,50000,6500,12000,0,TRUE,12000,FALSE,TRUE,TRUE,1,north,public
FALSE,25000,4300,10000,0,TRUE,10000,FALSE,TRUE,TRUE,1,south,private
FALSE,20000,4000,20000,0,TRUE,20000,FALSE,TRUE,FALSE,,south,private
FALSE,800,4000,4000,0,TRUE,4000,FALSE,TRUE,FALSE,,central,public
TRUE,30000,2100,12000,6000,FALSE,2000,TRUE,TRUE,TRUE,2,east,public
FALSE,165,2525,7300,0,TRUE,0,FALSE,TRUE,TRUE,1,north,private
TRUE,21000,4600,7000,0,TRUE,6000,FALSE,TRUE,TRUE,1,south,public
FALSE,54000,7600,10000,5000,FALSE,10000,FALSE,TRUE,TRUE,1,central,public
FALSE,29846,3700,7000,0,FALSE,0,FALSE,TRUE,FALSE,,south,public
TRUE,25000,4333,10000,15000,TRUE,4333,FALSE,TRUE,TRUE,3,south,private
FALSE,23000,2000,6000,0,TRUE,0,FALSE,TRUE,TRUE,2,central,public
FALSE,22000,1500,6000,0,TRUE,7000,FALSE,TRUE,FALSE,,central,public
FALSE,24370,7570,6000,0,TRUE,10000,FALSE,TRUE,TRUE,1,north,private
TRUE,50000,0,8000,0,TRUE,0,FALSE,TRUE,TRUE,3,north,private
TRUE,12000,10000,15000,10000,TRUE,10000,FALSE,TRUE,TRUE,1,north,public
TRUE,23000,4300,12000,10000,TRUE,8000,FALSE,TRUE,TRUE,3,south,public
TRUE,22000,9000,8000,10000,TRUE,3000,FALSE,TRUE,TRUE,1,north,public
TRUE,28000,2250,6000,6000,TRUE,10000,FALSE,TRUE,TRUE,1,central,public
TRUE,15000,8500,9000,28000,TRUE,0,FALSE,FALSE,,,north,public
TRUE,50000,4500,8000,10000,TRUE,5000,FALSE,FALSE,,,south,private
TRUE,0,0,2500,0,FALSE,0,FALSE,TRUE,TRUE,2,north,public
TRUE,39821,4700,8000,0,TRUE,6000,FALSE,TRUE,TRUE,1,central,private
TRUE,27000,9000,10000,0,TRUE,20000,FALSE,TRUE,TRUE,1,north,public
TRUE,30864,7400,10000,6000,FALSE,8000,TRUE,TRUE,TRUE,1,,public
TRUE,23000,4000,8000,2600,FALSE,0,TRUE,TRUE,TRUE,1,north,public
TRUE,57000,0,6000,10000,FALSE,0,TRUE,TRUE,TRUE,2,north,public
TRUE,0,4000,10000,3000,FALSE,0,FALSE,TRUE,TRUE,1,north,public
TRUE,15024,0,25000,30000,FALSE,0,FALSE,TRUE,TRUE,1,north,public
TRUE,55000,4500,5000,3000,FALSE,5000,TRUE,TRUE,TRUE,1,north,public
TRUE,23000,4500,9000,10000,TRUE,8000,FALSE,TRUE,TRUE,1,south,private
TRUE,20000,6500,10000,22500,TRUE,2000,FALSE,TRUE,TRUE,2,north,private
FALSE,49500,8500,8000,0,TRUE,6000,FALSE,TRUE,TRUE,1,north,public
TRUE,12540,0,8000,6000,TRUE,0,FALSE,TRUE,TRUE,1,north,public
TRUE,20000,0,2000,0,FALSE,0,TRUE,TRUE,FALSE,,north,private
TRUE,9980,1700,15000,4000,TRUE,6000,FALSE,TRUE,TRUE,2,south,public
TRUE,17000,3000,12000,0,TRUE,8000,FALSE,TRUE,TRUE,1,,public
TRUE,22000,6800,10000,0,FALSE,0,TRUE,TRUE,TRUE,2,north,private
FALSE,29490,2605,8000,0,TRUE,10000,FALSE,TRUE,TRUE,1,south,public
TRUE,48000,0,17000,2000,FALSE,10000,TRUE,TRUE,TRUE,1,south,private
TRUE,30000,5000,8000,0,TRUE,10000,FALSE,TRUE,TRUE,2,south,public
TRUE,48000,3900,9000,4000,TRUE,9000,FALSE,TRUE,TRUE,3,central,private
TRUE,27998,10500,9000,0,TRUE,10000,FALSE,TRUE,TRUE,2,north,public
TRUE,26000,2500,8000,0,FALSE,0,TRUE,TRUE,TRUE,3,north,public
FALSE,38000,0,8000,0,TRUE,6000,FALSE,TRUE,TRUE,2,north,public
TRUE,13000,3300,8500,1000,FALSE,0,FALSE,TRUE,TRUE,1,north,public
FALSE,9000,3700,11000,0,FALSE,0,FALSE,TRUE,TRUE,2,north,public
TRUE,15024,0,8000,0,FALSE,10000,FALSE,TRUE,TRUE,2,north,private
FALSE,24000,9000,6000,0,FALSE,0,TRUE,TRUE,TRUE,1,north,public
TRUE,33600,7500,20000,0,FALSE,0,TRUE,TRUE,FALSE,,north,public
TRUE,20000,5000,5000,0,TRUE,5000,FALSE,TRUE,TRUE,3,south,public
TRUE,14000,0,10000,20000,FALSE,0,FALSE,TRUE,TRUE,3,north,public
TRUE,11323,0,9000,0,FALSE,0,TRUE,TRUE,TRUE,3,north,public
FALSE,25000,4500,8000,0,TRUE,8000,FALSE,TRUE,TRUE,1,south,private
TRUE,49105,7000,6500,0,TRUE,10000,FALSE,TRUE,TRUE,3,north,public
TRUE,54000,0,3000,0,TRUE,8000,FALSE,TRUE,TRUE,2,north,public
TRUE,48000,6300,10000,7000,TRUE,10000,FALSE,TRUE,TRUE,1,central,public
TRUE,30000,7000,10000,0,FALSE,0,FALSE,TRUE,TRUE,1,north,public
TRUE,55423,3200,8000,0,TRUE,5000,FALSE,TRUE,TRUE,2,central,
TRUE,30000,4900,8000,0,TRUE,10000,FALSE,TRUE,TRUE,1,north,
TRUE,27000,0,8000,0,FALSE,0,TRUE,TRUE,TRUE,2,north,
TRUE,20000,0,10000,25000,TRUE,0,FALSE,TRUE,TRUE,1,north,
TRUE,60000,50000,20000,0,FALSE,0,TRUE,TRUE,FALSE,,north,
TRUE,190,0,20000,0,TRUE,25000,FALSE,TRUE,TRUE,1,north,
TRUE,20000,5000,10000,10000,TRUE,5000,FALSE,TRUE,TRUE,1,south,
FALSE,4200,6500,10000,0,TRUE,10000,FALSE,FALSE,,,central,
TRUE,48000,3000,7000,0,TRUE,6000,FALSE,TRUE,TRUE,1,central,
TRUE,20000,8000,15000,5000,TRUE,20000,FALSE,FALSE,,,north,
TRUE,62000,5500,7000,0,TRUE,7000,FALSE,TRUE,TRUE,1,north,
FALSE,13500,1100,6000,3840,FALSE,0,FALSE,TRUE,TRUE,1,north,public
FALSE,50000,0,10000,0,FALSE,10000,TRUE,TRUE,TRUE,1,north,private
TRUE,15000,2500,10000,1000,FALSE,0,FALSE,TRUE,TRUE,1,east,public
TRUE,47000,3000,5000,600,TRUE,3000,FALSE,TRUE,TRUE,2,central,public
FALSE,25333,2017,7000,500,TRUE,10000,FALSE,FALSE,,,north,private
TRUE,59000,0,8000,0,TRUE,8000,FALSE,FALSE,,,central,public
TRUE,9000,0,15000,5000,TRUE,8000,FALSE,TRUE,TRUE,1,north,public
TRUE,59600,4000,10000,0,TRUE,15000,FALSE,FALSE,,,central,private
TRUE,21000,4200,8000,5000,TRUE,6000,FALSE,TRUE,TRUE,1,south,public
TRUE,8000,5500,8000,2000,FALSE,7000,TRUE,TRUE,FALSE,,central,public
TRUE,12000,5500,10000,0,TRUE,9000,FALSE,TRUE,TRUE,1,south,public
TRUE,11000,3500,6000,13000,TRUE,0,FALSE,TRUE,TRUE,2,north,public
TRUE,12090,4500,15000,0,TRUE,10000,FALSE,TRUE,TRUE,3,south,
TRUE,13244,3000,7000,0,FALSE,0,FALSE,TRUE,TRUE,2,,public
TRUE,26000,4000,10000,3000,TRUE,8000,FALSE,TRUE,TRUE,2,central,public
TRUE,30785,2700,10000,15000,TRUE,0,FALSE,TRUE,TRUE,4,north,private
TRUE,48000,5000,10000,0,TRUE,10000,FALSE,TRUE,TRUE,1,central,public
TRUE,12000,7500,4500,0,TRUE,15000,FALSE,TRUE,TRUE,1,north,private
TRUE,20000,1200,7000,2000,TRUE,7000,FALSE,TRUE,TRUE,1,south,public
TRUE,55680,9000,10000,0,TRUE,10000,FALSE,TRUE,TRUE,1,central,public
TRUE,4456,3500,3500,0,TRUE,4000,FALSE,TRUE,FALSE,,south,public
TRUE,16650,2000,10000,0,TRUE,10000,FALSE,TRUE,TRUE,4,south,public
TRUE,13456,8500,12000,0,TRUE,20000,FALSE,TRUE,TRUE,1,north,public
TRUE,23000,2916,8000,14000,TRUE,0,FALSE,TRUE,TRUE,3,north,public
FALSE,40000,7400,10000,0,TRUE,10000,FALSE,TRUE,FALSE,,north,public
TRUE,10769,4500,12000,0,FALSE,0,FALSE,TRUE,TRUE,2,north,public
TRUE,48000,6000,8000,0,FALSE,0,TRUE,TRUE,TRUE,1,central,public
TRUE,50000,6200,10000,5000,TRUE,10000,FALSE,TRUE,TRUE,2,north,public
TRUE,30000,1500,9000,0,FALSE,0,FALSE,TRUE,TRUE,1,south,public
TRUE,13655,8000,10000,0,TRUE,20000,FALSE,TRUE,TRUE,1,north,public
TRUE,13000,3000,7000,15000,FALSE,0,TRUE,TRUE,TRUE,3,north,private
TRUE,11000,2200,8000,0,TRUE,10000,FALSE,FALSE,,,south,private
FALSE,70000,4000,5000,0,FALSE,0,FALSE,TRUE,FALSE,,south,private
TRUE,9000,4700,6000,15000,TRUE,0,FALSE,TRUE,TRUE,1,north,public
TRUE,0,5000,6000,9800,TRUE,6000,FALSE,TRUE,TRUE,1,central,private
TRUE,12000,4500,10000,0,TRUE,5000,FALSE,TRUE,TRUE,2,east,public
TRUE,30000,0,9000,8000,FALSE,4000,FALSE,TRUE,TRUE,1,,public
TRUE,25000,0,5000,0,FALSE,6000,TRUE,TRUE,FALSE,,north,public
FALSE,21000,5000,10000,0,FALSE,0,TRUE,TRUE,TRUE,1,central,public
FALSE,26000,4000,10000,0,TRUE,8000,FALSE,TRUE,TRUE,1,,private
TRUE,28550,0,2700,3000,TRUE,0,FALSE,TRUE,TRUE,1,north,public
TRUE,20560,6000,16000,0,TRUE,0,FALSE,TRUE,TRUE,3,north,private
TRUE,13023,12350,10800,7000,TRUE,8000,FALSE,FALSE,,,north,private
TRUE,10000,0,10000,0,FALSE,5000,FALSE,TRUE,TRUE,1,north,public
FALSE,25000,4200,10000,0,TRUE,0,FALSE,TRUE,TRUE,1,north,public
TRUE,30000,7500,10000,8000,TRUE,20000,FALSE,FALSE,,,north,public
FALSE,50964,2500,10000,9500,TRUE,10000,FALSE,TRUE,TRUE,2,south,private
FALSE,13000,4500,2000,4500,FALSE,0,TRUE,TRUE,TRUE,1,north,public
TRUE,536,0,6000,16000,FALSE,2000,FALSE,TRUE,FALSE,,south,private
FALSE,24500,2500,17000,0,TRUE,10000,FALSE,TRUE,FALSE,,north,public
TRUE,20000,0,20000,0,FALSE,0,TRUE,TRUE,TRUE,1,south,private
TRUE,25000,2000,6000,10000,TRUE,8000,FALSE,TRUE,TRUE,1,central,public
TRUE,15024,9000,8000,0,FALSE,0,FALSE,TRUE,TRUE,1,north,private
TRUE,26000,7415,10000,0,TRUE,15000,FALSE,TRUE,TRUE,1,north,public
FALSE,25615,14010,12000,0,TRUE,15000,FALSE,TRUE,TRUE,1,north,public
TRUE,38000,1100,6000,0,TRUE,0,FALSE,TRUE,TRUE,2,south,public
TRUE,27939,3800,8000,0,TRUE,8000,FALSE,TRUE,TRUE,3,south,public
TRUE,20000,0,3000,0,TRUE,0,FALSE,TRUE,TRUE,1,south,public
TRUE,28000,3000,8000,8000,FALSE,2000,TRUE,TRUE,TRUE,1,north,public
TRUE,56000,3000,10000,0,TRUE,6000,FALSE,TRUE,TRUE,2,central,
FALSE,56000,0,5000,1000,TRUE,0,FALSE,TRUE,TRUE,1,north,public
TRUE,16000,3750,7000,0,TRUE,3000,FALSE,TRUE,TRUE,1,north,public
TRUE,11499,3300,7000,0,TRUE,2400,FALSE,TRUE,TRUE,1,,private
TRUE,11323,10880,9000,0,TRUE,3000,FALSE,TRUE,TRUE,2,north,public
TRUE,30000,14000,10000,0,TRUE,24000,FALSE,TRUE,TRUE,1,north,public
TRUE,13000,1000,6000,20000,TRUE,3000,FALSE,TRUE,TRUE,4,south,private
TRUE,45353,0,10000,0,TRUE,0,TRUE,TRUE,FALSE,,north,private
FALSE,25000,2000,10000,0,FALSE,4500,TRUE,TRUE,TRUE,1,east,public
TRUE,30000,5000,15000,0,TRUE,12000,FALSE,TRUE,TRUE,2,south,public
TRUE,30000,5000,10000,0,FALSE,0,TRUE,TRUE,TRUE,2,north,public
TRUE,48000,6000,8000,0,FALSE,0,TRUE,TRUE,FALSE,,north,public
TRUE,17000,4000,7000,2000,FALSE,3000,TRUE,TRUE,TRUE,1,south,public
TRUE,12000,2500,7000,0,TRUE,5000,FALSE,TRUE,TRUE,1,central,private
TRUE,48204,0,6000,0,TRUE,0,FALSE,TRUE,TRUE,1,south,private
TRUE,45650,4000,9000,0,FALSE,0,TRUE,TRUE,TRUE,1,central,public
FALSE,35000,0,12000,1500,TRUE,7000,TRUE,TRUE,TRUE,2,north,public
TRUE,18000,4000,10000,6000,TRUE,5000,FALSE,TRUE,TRUE,1,south,public
FALSE,58000,0,6000,0,TRUE,10000,FALSE,TRUE,TRUE,1,north,public
FALSE,58000,0,6000,0,TRUE,10000,FALSE,TRUE,TRUE,1,north,public
FALSE,58000,0,6000,0,TRUE,10000,FALSE,TRUE,TRUE,1,north,public
FALSE,58000,0,6000,0,TRUE,10000,FALSE,TRUE,TRUE,1,north,private
TRUE,45000,0,9000,2500,TRUE,10000,FALSE,TRUE,TRUE,1,north,public
FALSE,5560,0,6000,0,TRUE,6000,FALSE,TRUE,TRUE,2,north,public
TRUE,23000,0,8000,0,FALSE,0,TRUE,TRUE,TRUE,2,south,
FALSE,49123,8200,10000,0,TRUE,10000,TRUE,TRUE,FALSE,,east,
FALSE,28000,1400,5000,9000,TRUE,7000,FALSE,TRUE,TRUE,2,north,public
TRUE,480,5000,6000,6000,TRUE,10000,FALSE,TRUE,TRUE,1,south,public
FALSE,3075,0,6000,0,FALSE,800,TRUE,TRUE,TRUE,1,central,public
TRUE,30000,0,10000,0,FALSE,0,TRUE,TRUE,TRUE,4,south,
TRUE,20000,5000,7000,12000,TRUE,0,FALSE,TRUE,TRUE,3,north,public
TRUE,11323,0,5000,0,TRUE,1587,FALSE,TRUE,TRUE,1,north,public
FALSE,25000,0,6000,0,TRUE,8000,FALSE,FALSE,,,north,public
TRUE,12000,3300,5000,4166.67,FALSE,0,TRUE,TRUE,FALSE,,central,public
TRUE,12000,4500,15000,0,FALSE,0,FALSE,TRUE,TRUE,2,north,public
FALSE,47000,3700,10000,0,TRUE,10000,FALSE,TRUE,FALSE,,south,public
FALSE,49152,2350,8000,0,TRUE,0,FALSE,TRUE,TRUE,1,north,private
FALSE,35000,1950,6000,0,TRUE,6000,FALSE,TRUE,TRUE,1,,public
FALSE,49000,4700,6000,1500,TRUE,6000,FALSE,TRUE,TRUE,1,其他,public
FALSE,20000,0,20000,0,TRUE,0,FALSE,TRUE,FALSE,,central,public
TRUE,30800,2000,10000,12000,TRUE,15000,FALSE,FALSE,,,north,public
FALSE,21000,0,3000,0,TRUE,0,FALSE,TRUE,TRUE,1,north,public
,,,,,,,,,,,,public
,,,,,,,,,,,,public
,,,,,,,,,,,,public
,,,,,,,,,,,,public
,,,,,,,,,,,,public
,,,,,,,,,,,,public
,,,,,,,,,,,,public
,,,,,,,,,,,,private
,,,,,,,,,,,,private
,,,,,,,,,,,,public
,,,,,,,,,,,,public
,,,,,,,,,,,,
,,,,,,,,,,,,public
,,,,,,,,,,,,public
,,,,,,,,,,,,public
,,,,,,,,,,,,private
,,,,,,,,,,,,public
,,,,,,,,,,,,public
,,,,,,,,,,,,public
,,,,,,,,,,,,public
,,,,,,,,,,,,public
,,,,,,,,,,,,public
,,,,,,,,,,,,private
,,,,,,,,,,,,private
,,,,,,,,,,,,public
,,,,,,,,,,,,public
,,,,,,,,,,,,private
,,,,,,,,,,,,private
,,,,,,,,,,,,private
,,,,,,,,,,,,private
,,,,,,,,,,,,private
,,,,,,,,,,,,private
,,,,,,,,,,,,public
,,,,,,,,,,,,private
,,,,,,,,,,,,public
,,,,,,,,,,,,public
,,,,,,,,,,,,private
,,,,,,,,,,,,public
,,,,,,,,,,,,public
,,,,,,,,,,,,public
,,,,,,,,,,,,public
,,,,,,,,,,,,public
,,,,,,,,,,,,public
,,,,,,,,,,,,private
,,,,,,,,,,,,private
,,,,,,,,,,,,public
,,,,,,,,,,,,
,,,,,,,,,,,,private
,,,,,,,,,,,,public
,,,,,,,,,,,,public
,,,,,,,,,,,,public